request_id,amount_safe_to_pay,affordability_status,recommended_payment_method,payment_plan,earliest_date_for_full_payment,spending_changes_needed,decision_explanation
request_26,15656000.00,affordable_now,full_payment,2025-08-03:15656000,2025-08-03,none,"Pay IDR 15,656,000 today. The 90-day forecast keeps the balance at or above the IDR 24,768,300 minimum."
request_27,6670.00,affordable_now,full_payment,2026-07-05:6670,2026-07-05,none,"Pay ZAR 6,670 today. The 90-day forecast keeps the balance at or above the ZAR 20,500 minimum."
request_28,274.72,affordable_later,wait,2024-06-14:1302.40,2024-06-14,none,"Wait until 14 June 2024 and then pay EUR 1,302.4 in full. Paying sooner would risk the EUR 1,100 minimum."
request_29,0.00,not_affordable,not_recommended,none,,none,"Do not proceed with the ZAR 51,524 request. None of the eligible payment plans keeps the ZAR 28,300 minimum protected."
request_30,0.00,not_affordable,not_recommended,none,,none,Do not proceed with the USD 775.2 request. None of the eligible payment plans keeps the USD 900 minimum protected.
request_31,3450211.29,affordable_later,wait,2024-09-14:18164000,2024-09-14,none,"Wait until 14 September 2024 and then pay IDR 18,164,000 in full. Paying sooner would risk the IDR 16,588,900 minimum."
request_32,0.00,not_affordable,not_recommended,none,,none,"Do not proceed with the ZAR 40,018 request. None of the eligible payment plans keeps the ZAR 35,700 minimum protected."
request_33,36259.02,affordable_later,wait,2026-01-14:118000,2026-01-14,none,"Wait until 14 January 2026 and then pay INR 118,000 in full. Paying sooner would risk the INR 102,100 minimum."
request_34,0.00,not_affordable,not_recommended,none,,none,"Do not proceed with the INR 129,400 request. None of the eligible payment plans keeps the INR 138,500 minimum protected."
request_35,35205.03,not_affordable,not_recommended,none,,none,"Only INR 35,205.03 is safe today, so do not proceed with the full INR 212,000 request within the available safe plan."
request_36,520.75,affordable_later,wait,2026-09-13:3954,2026-09-13,none,"Wait until 13 September 2026 and then pay USD 3,954 in full. Paying sooner would risk the USD 2,400 minimum."
request_37,0.00,not_affordable,not_recommended,none,,none,"Do not proceed with the IDR 14,649,000 request. None of the eligible payment plans keeps the IDR 17,056,200 minimum protected."
request_38,232.42,affordable_later,wait,2025-09-13:971.30,2025-09-13,none,Wait until 13 September 2025 and then pay EUR 971.3 in full. Paying sooner would risk the EUR 400 minimum.
request_39,114252.88,affordable_later,wait,2026-04-14:208600,2026-04-14,none,"Wait until 14 April 2026 and then pay INR 208,600 in full. Paying sooner would risk the INR 213,400 minimum."
request_40,0.00,not_affordable,not_recommended,none,,none,"Do not proceed with the EUR 1,290.3 request. None of the eligible payment plans keeps the EUR 1,500 minimum protected."
request_41,9644500.53,affordable_later,wait,2025-11-14:38760000,2025-11-14,none,"Wait until 14 November 2025 and then pay IDR 38,760,000 in full. Paying sooner would risk the IDR 25,366,600 minimum."
request_42,52100.00,affordable_now,full_payment,2026-01-05:52100,2026-01-05,none,"Pay INR 52,100 today. The 90-day forecast keeps the balance at or above the INR 113,100 minimum."
request_43,7179900.41,affordable_later,wait,2024-11-12:43339000,2024-11-12,none,"Wait until 12 November 2024 and then pay IDR 43,339,000 in full. Paying sooner would risk the IDR 21,398,000 minimum."
request_44,0.00,not_affordable,not_recommended,none,,none,"Do not proceed with the INR 95,800 request. None of the eligible payment plans keeps the INR 82,900 minimum protected."
request_45,4399033.71,affordable_later,wait,2026-08-14:21983000,2026-08-14,none,"Wait until 14 August 2026 and then pay IDR 21,983,000 in full. Paying sooner would risk the IDR 11,149,800 minimum."
request_46,49450.00,affordable_with_plan,installments,2024-12-03:25714|2024-12-31:25714,2024-12-03,none,"Use the supplied installment schedule starting 2024-12-03. The scheduled payments fit the 90-day safety check and keep the INR 84,000 minimum protected."
request_47,0.00,not_affordable,not_recommended,none,,none,"Do not proceed with the IDR 38,114,000 request. None of the eligible payment plans keeps the IDR 30,049,000 minimum protected."
request_48,45700.00,affordable_now,full_payment,2026-07-25:45700,2026-07-25,none,"Pay INR 45,700 today. The 90-day forecast keeps the balance at or above the INR 71,300 minimum."
request_49,7855967.12,affordable_with_plan,installments,2024-03-18:11902106.67|2024-04-18:11902106.67|2024-05-19:11902106.67,2024-03-17,none,"Use the supplied installment schedule starting 2024-03-18. The scheduled payments fit the 90-day safety check and keep the IDR 20,275,700 minimum protected."
request_50,43900.00,affordable_now,full_payment,2025-08-06:43900,2025-08-06,none,"Pay INR 43,900 today. The 90-day forecast keeps the balance at or above the INR 99,700 minimum."
request_51,2191000.00,affordable_now,full_payment,2026-01-03:2191000,2026-01-03,none,"Pay IDR 2,191,000 today. The 90-day forecast keeps the balance at or above the IDR 7,811,000 minimum."
request_52,28870.00,affordable_now,full_payment,2024-06-05:28870,2024-06-05,none,"Pay INR 28,870 today. The 90-day forecast keeps the balance at or above the INR 41,500 minimum."
request_53,0.00,not_affordable,not_recommended,none,,none,"Do not proceed with the USD 1,699.2 request. None of the eligible payment plans keeps the USD 2,100 minimum protected."
request_54,1693.95,not_affordable,not_recommended,none,,none,"Only ZAR 1,693.95 is safe today, so do not proceed with the full ZAR 121,528 request within the available safe plan."
request_55,144226.46,affordable_with_plan,installments,2026-06-11:75781.33|2026-07-12:75781.33|2026-08-12:75781.33,2026-06-14,none,"Use the supplied installment schedule starting 2026-06-11. The scheduled payments fit the 90-day safety check and keep the INR 124,300 minimum protected."
request_56,881.56,affordable_with_plan,installments,2025-02-03:458.42|2025-03-03:458.42,2025-02-03,none,"Use the supplied installment schedule starting 2025-02-03. The scheduled payments fit the 90-day safety check and keep the USD 2,100 minimum protected."
request_57,5607.13,affordable_later,wait,2026-05-14:61446,2026-05-14,none,"Wait until 14 May 2026 and then pay ZAR 61,446 in full. Paying sooner would risk the ZAR 42,700 minimum."
request_58,16226000.00,affordable_now,full_payment,2024-12-07:16226000,2024-12-07,none,"Pay IDR 16,226,000 today. The 90-day forecast keeps the balance at or above the IDR 14,433,900 minimum."
request_59,140600.00,affordable_with_plan,installments,2025-05-07:48741.33|2025-06-04:48741.33|2025-07-02:48741.33,2025-05-04,none,"Use the supplied installment schedule starting 2025-05-07. The scheduled payments fit the 90-day safety check and keep the INR 132,600 minimum protected."
request_60,199.89,affordable_now,full_payment,2026-01-06:199.89,2026-01-06,none,Pay USD 199.89 today. The 90-day forecast keeps the balance at or above the USD 400 minimum.
request_61,0.00,not_affordable,not_recommended,none,,none,"Do not proceed with the ZAR 29,062 request. None of the eligible payment plans keeps the ZAR 36,700 minimum protected."
request_62,404.23,affordable_now,full_payment,2025-08-05:404.23,2025-08-05,none,"Pay USD 404.23 today. The 90-day forecast keeps the balance at or above the USD 1,300 minimum."
request_63,36484.30,not_affordable,not_recommended,none,,none,"Only INR 36,484.3 is safe today, so do not proceed with the full INR 343,900 request within the available safe plan."
request_64,27699.46,affordable_with_plan,installments,2024-06-11:22082.67|2024-07-12:22082.67|2024-08-12:22082.67,2024-06-14,none,"Use the supplied installment schedule starting 2024-06-11. The scheduled payments fit the 90-day safety check and keep the INR 36,100 minimum protected."
request_65,6767.93,not_affordable,not_recommended,none,,none,"Only ZAR 6,767.93 is safe today, so do not proceed with the full ZAR 54,340 request within the available safe plan."
request_66,22200.00,affordable_now,full_payment,2026-04-03:22200,2026-04-03,none,"Pay INR 22,200 today. The 90-day forecast keeps the balance at or above the INR 80,700 minimum."
request_67,189.56,affordable_later,wait,2024-09-14:2094,2024-09-14,none,"Wait until 14 September 2024 and then pay USD 2,094 in full. Paying sooner would risk the USD 1,200 minimum."
request_68,0.00,not_affordable,not_recommended,none,,none,"Do not proceed with the USD 2,091.6 request. None of the eligible payment plans keeps the USD 1,500 minimum protected."
request_69,529.10,affordable_now,full_payment,2026-01-04:529.10,2026-01-04,none,Pay EUR 529.1 today. The 90-day forecast keeps the balance at or above the EUR 700 minimum.
request_70,18676.53,not_affordable,not_recommended,none,,none,"Only INR 18,676.53 is safe today, so do not proceed with the full INR 243,900 request within the available safe plan."
request_71,0.00,not_affordable,not_recommended,none,,none,"Do not proceed with the IDR 21,451,000 request. None of the eligible payment plans keeps the IDR 8,884,800 minimum protected."
request_72,0.00,not_affordable,not_recommended,none,,none,"Do not proceed with the ZAR 11,330 request. None of the eligible payment plans keeps the ZAR 12,200 minimum protected."
request_73,71400.00,affordable_now,full_payment,2023-01-20:71400,2023-01-20,none,"Pay INR 71,400 today. The 90-day forecast keeps the balance at or above the INR 103,200 minimum."
request_74,0.00,not_affordable,not_recommended,none,,none,"Do not proceed with the ZAR 5,010 request. None of the eligible payment plans keeps the ZAR 21,900 minimum protected."
request_75,28270.00,affordable_with_plan,installments,2026-04-09:9800.27|2026-05-09:9800.27|2026-06-08:9800.27,2026-04-06,none,"Use the supplied installment schedule starting 2026-04-09. The scheduled payments fit the 90-day safety check and keep the ZAR 39,000 minimum protected."
request_76,0.00,not_affordable,not_recommended,none,,none,"Do not proceed with the USD 4,455.6 request. None of the eligible payment plans keeps the USD 1,800 minimum protected."
request_77,60700.00,affordable_now,full_payment,2025-11-05:60700,2025-11-05,none,"Pay INR 60,700 today. The 90-day forecast keeps the balance at or above the INR 82,200 minimum."
request_78,50200.00,affordable_now,full_payment,2025-10-02:50200,2025-10-02,none,"Pay INR 50,200 today. The 90-day forecast keeps the balance at or above the INR 55,200 minimum."
request_79,677.16,affordable_with_plan,partial_payment,2024-09-04:677.16|2024-09-15:1474.44,2024-09-15,none,"Pay EUR 677.16 today and the remaining EUR 1,474.44 on 15 September 2024. This completes the request by the deadline while preserving the EUR 1,000 minimum."
request_80,0.00,not_affordable,not_recommended,none,,none,"Do not proceed with the INR 217,500 request. None of the eligible payment plans keeps the INR 121,300 minimum protected."
request_81,2076.00,affordable_now,full_payment,2026-07-03:2076,2026-07-03,none,"Pay USD 2,076 today. The 90-day forecast keeps the balance at or above the USD 1,600 minimum."
request_82,0.00,not_affordable,not_recommended,none,,none,"Do not proceed with the USD 1,405.2 request. None of the eligible payment plans keeps the USD 1,100 minimum protected."
request_83,0.00,not_affordable,not_recommended,none,,none,"Do not proceed with the INR 156,200 request. None of the eligible payment plans keeps the INR 37,800 minimum protected."
request_84,13126.47,affordable_later,wait,2026-04-14:95400,2026-04-14,none,"Wait until 14 April 2026 and then pay INR 95,400 in full. Paying sooner would risk the INR 91,300 minimum."
request_85,0.00,not_affordable,not_recommended,none,,none,"Do not proceed with the IDR 19,304,000 request. None of the eligible payment plans keeps the IDR 6,396,300 minimum protected."
request_86,46300.00,affordable_now,full_payment,2025-08-03:46300,2025-08-03,none,"Pay INR 46,300 today. The 90-day forecast keeps the balance at or above the INR 84,900 minimum."
request_87,0.00,not_affordable,not_recommended,none,,none,"Do not proceed with the INR 487,900 request. None of the eligible payment plans keeps the INR 185,900 minimum protected."
request_88,8698.20,affordable_with_plan,installments,2024-06-14:9045.23|2024-07-15:9045.23|2024-08-15:9045.23,2024-06-14,none,"Use the supplied installment schedule starting 2024-06-14. The scheduled payments fit the 90-day safety check and keep the ZAR 25,800 minimum protected."
request_89,13756000.00,affordable_with_plan,installments,2025-11-18:4768746.67|2025-12-16:4768746.67|2026-01-13:4768746.67,2025-11-04,none,"Use the supplied installment schedule starting 2025-11-18. The scheduled payments fit the 90-day safety check and keep the IDR 12,534,700 minimum protected."
request_90,2560.00,affordable_now,full_payment,2026-07-06:2560,2026-07-06,none,"Pay ZAR 2,560 today. The 90-day forecast keeps the balance at or above the ZAR 7,600 minimum."
request_91,520.16,affordable_later,wait,2024-09-14:1927.20,2024-09-14,none,"Wait until 14 September 2024 and then pay EUR 1,927.2 in full. Paying sooner would risk the EUR 2,100 minimum."
request_92,34034.00,affordable_now,full_payment,2025-02-05:34034,2025-02-05,none,"Pay ZAR 34,034 today. The 90-day forecast keeps the balance at or above the ZAR 28,100 minimum."
request_93,1729.20,affordable_now,full_payment,2026-04-07:1729.20,2026-04-07,none,"Pay USD 1,729.2 today. The 90-day forecast keeps the balance at or above the USD 1,900 minimum."
request_94,0.00,not_affordable,not_recommended,none,,none,Do not proceed with the EUR 572 request. None of the eligible payment plans keeps the EUR 600 minimum protected.
request_95,0.00,not_affordable,not_recommended,none,,none,"Do not proceed with the INR 553,000 request. None of the eligible payment plans keeps the INR 145,500 minimum protected."
request_96,0.00,not_affordable,not_recommended,none,,none,"Do not proceed with the INR 90,200 request. None of the eligible payment plans keeps the INR 56,500 minimum protected."
request_97,0.00,affordable_with_plan,installments,2024-03-19:8145.28|2024-04-19:8145.28|2024-05-20:8145.28,2024-03-15,none,"Use the supplied installment schedule starting 2024-03-19. The scheduled payments fit the 90-day safety check and keep the ZAR 29,700 minimum protected."
request_98,5644.24,affordable_later,wait,2025-08-14:27148,2025-08-14,none,"Wait until 14 August 2025 and then pay ZAR 27,148 in full. Paying sooner would risk the ZAR 30,000 minimum."
request_99,18062.00,affordable_now,full_payment,2026-07-04:18062,2026-07-04,none,"Pay ZAR 18,062 today. The 90-day forecast keeps the balance at or above the ZAR 49,100 minimum."
request_100,24286.91,affordable_with_plan,installments,2024-06-13:12866.19|2024-07-14:12866.19|2024-08-14:12866.19,2024-06-14,none,"Use the supplied installment schedule starting 2024-06-13. The scheduled payments fit the 90-day safety check and keep the ZAR 32,500 minimum protected."
request_101,143500.00,affordable_now,full_payment,2025-11-03:143500,2025-11-03,none,"Pay INR 143,500 today. The 90-day forecast keeps the balance at or above the INR 187,400 minimum."
request_102,1716.00,affordable_with_plan,installments,2026-04-05:594.88|2026-05-05:594.88|2026-06-04:594.88,2026-04-05,none,Use the supplied installment schedule starting 2026-04-05. The scheduled payments fit the 90-day safety check and keep the EUR 900 minimum protected.
request_103,16.69,not_affordable,not_recommended,none,,none,"Only INR 16.69 is safe today, so do not proceed with the full INR 368,300 request within the available safe plan."
request_104,17204.00,affordable_now,full_payment,2025-02-04:17204,2025-02-04,none,"Pay ZAR 17,204 today. The 90-day forecast keeps the balance at or above the ZAR 24,700 minimum."
request_105,53500.00,affordable_now,full_payment,2026-06-08:53500,2026-06-08,none,"Pay INR 53,500 today. The 90-day forecast keeps the balance at or above the INR 73,900 minimum."
request_106,415.42,affordable_later,wait,2025-01-16:2207.70,2025-01-16,none,"Wait until 16 January 2025 and then pay EUR 2,207.7 in full. Paying sooner would risk the EUR 1,200 minimum."
request_107,0.00,not_affordable,not_recommended,none,,none,"Do not proceed with the EUR 2,534.4 request. None of the eligible payment plans keeps the EUR 1,600 minimum protected."
request_108,3170.29,not_affordable,not_recommended,none,,none,"Only ZAR 3,170.29 is safe today, so do not proceed with the full ZAR 55,308 request within the available safe plan."
request_109,552.80,affordable_with_plan,installments,2024-03-18:645.98|2024-04-18:645.98|2024-05-19:645.98,2024-03-15,none,"Use the supplied installment schedule starting 2024-03-18. The scheduled payments fit the 90-day safety check and keep the EUR 1,700 minimum protected."
request_110,0.00,not_affordable,not_recommended,none,,none,"Do not proceed with the ZAR 22,352 request. None of the eligible payment plans keeps the ZAR 11,200 minimum protected."
request_111,16625000.00,affordable_now,full_payment,2026-04-03:16625000,2026-04-03,none,"Pay IDR 16,625,000 today. The 90-day forecast keeps the balance at or above the IDR 23,022,800 minimum."
request_112,0.00,not_affordable,not_recommended,none,,none,Do not proceed with the EUR 271.7 request. None of the eligible payment plans keeps the EUR 500 minimum protected.
request_113,36500.00,affordable_now,full_payment,2026-09-04:36500,2026-09-04,none,"Pay INR 36,500 today. The 90-day forecast keeps the balance at or above the INR 82,300 minimum."
request_114,65300.00,affordable_now,full_payment,2026-01-04:65300,2026-01-04,none,"Pay INR 65,300 today. The 90-day forecast keeps the balance at or above the INR 113,400 minimum."
request_115,11597.65,affordable_later,wait,2024-11-13:80500,2024-11-13,none,"Wait until 13 November 2024 and then pay INR 80,500 in full. Paying sooner would risk the INR 38,800 minimum."
request_116,11333.03,not_affordable,not_recommended,none,2025-02-15,none,"Only INR 11,333.03 is safe today, so do not proceed with the full INR 241,200 request within the available safe plan."
request_117,880.00,affordable_now,full_payment,2026-07-05:880,2026-07-05,none,"Pay EUR 880 today. The 90-day forecast keeps the balance at or above the EUR 1,000 minimum."
request_118,738.10,affordable_with_plan,installments,2024-12-07:255.87|2025-01-07:255.87|2025-02-07:255.87,2024-12-07,none,Use the supplied installment schedule starting 2024-12-07. The scheduled payments fit the 90-day safety check and keep the EUR 600 minimum protected.
request_119,0.00,not_affordable,not_recommended,none,,none,"Do not proceed with the INR 203,500 request. None of the eligible payment plans keeps the INR 151,200 minimum protected."
request_120,7714000.00,affordable_now,full_payment,2026-04-06:7714000,2026-04-06,none,"Pay IDR 7,714,000 today. The 90-day forecast keeps the balance at or above the IDR 20,050,300 minimum."
request_121,633.60,affordable_now,full_payment,2024-03-03:633.60,2024-03-03,none,Pay USD 633.6 today. The 90-day forecast keeps the balance at or above the USD 800 minimum.
request_122,20558000.00,affordable_with_plan,installments,2025-08-05:7126773.33|2025-09-02:7126773.33|2025-09-30:7126773.33,2025-08-05,none,"Use the supplied installment schedule starting 2025-08-05. The scheduled payments fit the 90-day safety check and keep the IDR 12,588,500 minimum protected."
request_123,4076000.00,affordable_now,full_payment,2026-01-07:4076000,2026-01-07,none,"Pay IDR 4,076,000 today. The 90-day forecast keeps the balance at or above the IDR 18,091,200 minimum."
request_124,1199.50,affordable_with_plan,installments,2024-06-11:1076.12|2024-07-12:1076.12|2024-08-12:1076.12,2024-06-15,none,"Use the supplied installment schedule starting 2024-06-11. The scheduled payments fit the 90-day safety check and keep the EUR 1,600 minimum protected."
request_125,6468.00,affordable_now,full_payment,2025-11-06:6468,2025-11-06,none,"Pay ZAR 6,468 today. The 90-day forecast keeps the balance at or above the ZAR 11,300 minimum."
request_126,159600.00,affordable_now,full_payment,2026-07-03:159600,2026-07-03,none,"Pay INR 159,600 today. The 90-day forecast keeps the balance at or above the INR 129,700 minimum."
request_127,0.00,not_affordable,not_recommended,none,,none,"Do not proceed with the ZAR 23,980 request. None of the eligible payment plans keeps the ZAR 41,000 minimum protected."
request_128,25168.00,affordable_now,full_payment,2025-02-07:25168,2025-02-07,none,"Pay ZAR 25,168 today. The 90-day forecast keeps the balance at or above the ZAR 42,600 minimum."
request_129,0.00,not_affordable,not_recommended,none,,none,"Do not proceed with the USD 2,668.8 request. None of the eligible payment plans keeps the USD 800 minimum protected."
request_130,339.01,affordable_later,wait,2024-12-16:1978.80,2024-12-16,none,"Wait until 16 December 2024 and then pay USD 1,978.8 in full. Paying sooner would risk the USD 1,400 minimum."
request_131,1855.20,affordable_with_plan,installments,2025-05-06:643.14|2025-06-03:643.14|2025-07-01:643.14,2025-05-03,none,"Use the supplied installment schedule starting 2025-05-06. The scheduled payments fit the 90-day safety check and keep the USD 1,100 minimum protected."
request_132,379.86,affordable_now,full_payment,2026-01-05:379.86,2026-01-05,none,"Pay USD 379.86 today. The 90-day forecast keeps the balance at or above the USD 1,100 minimum."
request_133,0.00,not_affordable,not_recommended,none,,none,"Do not proceed with the IDR 15,770,000 request. None of the eligible payment plans keeps the IDR 9,986,200 minimum protected."
request_134,4655105.12,affordable_later,wait,2025-08-14:21831000,2025-08-14,none,"Wait until 14 August 2025 and then pay IDR 21,831,000 in full. Paying sooner would risk the IDR 15,902,500 minimum."
request_135,304.80,affordable_now,full_payment,2026-07-06:304.80,2026-07-06,none,Pay USD 304.8 today. The 90-day forecast keeps the balance at or above the USD 500 minimum.
request_136,560.40,affordable_now,full_payment,2024-06-03:560.40,2024-06-03,none,"Pay USD 560.4 today. The 90-day forecast keeps the balance at or above the USD 1,100 minimum."
request_137,0.00,not_affordable,not_recommended,none,,none,"Do not proceed with the INR 80,100 request. None of the eligible payment plans keeps the INR 71,800 minimum protected."
request_138,1256.94,affordable_with_plan,installments,2026-04-07:435.74|2026-05-05:435.74|2026-06-02:435.74,2026-04-07,none,"Use the supplied installment schedule starting 2026-04-07. The scheduled payments fit the 90-day safety check and keep the EUR 2,300 minimum protected."
request_139,1763.20,affordable_with_plan,installments,2024-09-07:802.88|2024-10-08:802.88|2024-11-08:802.88,2024-09-14,none,"Use the supplied installment schedule starting 2024-09-07. The scheduled payments fit the 90-day safety check and keep the USD 1,500 minimum protected."
request_140,0.00,not_affordable,not_recommended,none,,none,"Do not proceed with the ZAR 62,832 request. None of the eligible payment plans keeps the ZAR 21,600 minimum protected."
request_141,3578.39,not_affordable,not_recommended,none,,none,"Only INR 3,578.39 is safe today, so do not proceed with the full INR 171,600 request within the available safe plan."
request_142,0.00,affordable_with_plan,full_payment,2024-12-05:1263.60,,reduce_to:event_13068:27.60,"Pay USD 1,263.6 today after the permitted spending changes. The adjusted 90-day forecast keeps at least USD 476.02 available."
request_143,0.00,not_affordable,not_recommended,none,,none,"Do not proceed with the ZAR 12,584 request. None of the eligible payment plans keeps the ZAR 11,300 minimum protected."
request_144,0.00,not_affordable,not_recommended,none,,none,Do not proceed with the USD 233.34 request. None of the eligible payment plans keeps the USD 600 minimum protected.
request_145,26609.16,affordable_with_plan,installments,2024-03-20:75365.33|2024-04-20:75365.33|2024-05-21:75365.33,2024-03-17,none,"Use the supplied installment schedule starting 2024-03-20. The scheduled payments fit the 90-day safety check and keep the INR 155,400 minimum protected."
request_146,11678.08,affordable_later,wait,2025-10-13:449400,2025-10-13,none,"Wait until 13 October 2025 and then pay INR 449,400 in full. Paying sooner would risk the INR 108,600 minimum."
request_147,0.00,not_affordable,not_recommended,none,,none,"Do not proceed with the EUR 1,129.7 request. None of the eligible payment plans keeps the EUR 900 minimum protected."
request_148,0.00,not_affordable,not_recommended,none,2024-08-13,none,"Do not proceed with the ZAR 22,242 request. None of the eligible payment plans keeps the ZAR 20,000 minimum protected."
request_149,36652.00,affordable_with_plan,installments,2025-11-18:12706.03|2025-12-16:12706.03|2026-01-13:12706.03,2025-11-04,none,"Use the supplied installment schedule starting 2025-11-18. The scheduled payments fit the 90-day safety check and keep the ZAR 42,100 minimum protected."
request_150,496.10,affordable_with_plan,installments,2026-01-06:171.98|2026-02-05:171.98|2026-03-07:171.98,2026-01-06,none,Use the supplied installment schedule starting 2026-01-06. The scheduled payments fit the 90-day safety check and keep the EUR 700 minimum protected.
request_151,26999000.00,affordable_now,full_payment,2024-09-03:26999000,2024-09-03,none,"Pay IDR 26,999,000 today. The 90-day forecast keeps the balance at or above the IDR 31,633,600 minimum."
request_152,13882.00,affordable_with_plan,installments,2025-02-12:4812.43|2025-03-12:4812.43|2025-04-09:4812.43,2025-02-05,none,"Use the supplied installment schedule starting 2025-02-12. The scheduled payments fit the 90-day safety check and keep the ZAR 11,900 minimum protected."
request_153,0.00,not_affordable,not_recommended,none,,none,"Do not proceed with the USD 2,830.8 request. None of the eligible payment plans keeps the USD 1,400 minimum protected."
request_154,1625.80,affordable_with_plan,installments,2024-12-04:563.61|2025-01-04:563.61|2025-02-04:563.61,2024-12-04,none,"Use the supplied installment schedule starting 2024-12-04. The scheduled payments fit the 90-day safety check and keep the EUR 1,300 minimum protected."
request_155,0.00,not_affordable,not_recommended,none,,none,"Do not proceed with the INR 112,500 request. None of the eligible payment plans keeps the INR 56,300 minimum protected."
request_156,4073.17,affordable_later,wait,2026-05-14:43076,2026-05-14,none,"Wait until 14 May 2026 and then pay ZAR 43,076 in full. Paying sooner would risk the ZAR 26,900 minimum."
request_157,3750368.77,affordable_later,wait,2024-03-17:23503000,2024-03-17,none,"Wait until 17 March 2024 and then pay IDR 23,503,000 in full. Paying sooner would risk the IDR 15,714,100 minimum."
request_158,242600.00,affordable_with_plan,installments,2025-08-07:84101.33|2025-09-04:84101.33|2025-10-02:84101.33,2025-08-07,none,"Use the supplied installment schedule starting 2025-08-07. The scheduled payments fit the 90-day safety check and keep the INR 131,400 minimum protected."
request_159,13398.00,affordable_now,full_payment,2026-01-04:13398,2026-01-04,none,"Pay ZAR 13,398 today. The 90-day forecast keeps the balance at or above the ZAR 8,700 minimum."
request_160,345.65,not_affordable,not_recommended,none,2024-06-16,none,"Only EUR 345.65 is safe today, so do not proceed with the full EUR 1,246.3 request within the available safe plan."
request_161,0.00,not_affordable,not_recommended,none,,none,"Do not proceed with the IDR 21,204,000 request. None of the eligible payment plans keeps the IDR 23,010,400 minimum protected."
request_162,0.00,not_affordable,not_recommended,none,,none,"Do not proceed with the IDR 83,923,000 request. None of the eligible payment plans keeps the IDR 24,161,100 minimum protected."
request_163,19304000.00,affordable_with_plan,installments,2024-09-10:6692053.33|2024-10-11:6692053.33|2024-11-11:6692053.33,2024-09-07,none,"Use the supplied installment schedule starting 2024-09-10. The scheduled payments fit the 90-day safety check and keep the IDR 26,728,700 minimum protected."
request_164,27018000.00,affordable_with_plan,installments,2025-02-11:9366240|2025-03-11:9366240|2025-04-08:9366240,2025-02-04,none,"Use the supplied installment schedule starting 2025-02-11. The scheduled payments fit the 90-day safety check and keep the IDR 29,550,500 minimum protected."
request_165,80600.00,affordable_now,full_payment,2026-04-06:80600,2026-04-06,none,"Pay INR 80,600 today. The 90-day forecast keeps the balance at or above the INR 95,000 minimum."
request_166,2907.60,affordable_with_plan,installments,2024-12-03:1007.97|2025-01-03:1007.97|2025-02-03:1007.97,2024-12-03,none,"Use the supplied installment schedule starting 2024-12-03. The scheduled payments fit the 90-day safety check and keep the USD 1,700 minimum protected."
request_167,43802.00,affordable_now,full_payment,2025-05-05:43802,2025-05-05,none,"Pay ZAR 43,802 today. The 90-day forecast keeps the balance at or above the ZAR 31,200 minimum."
request_168,49380.00,not_affordable,not_recommended,none,2026-01-07,none,"Only INR 49,380 is safe today, so do not proceed with the full INR 49,380 request within the available safe plan."
request_169,41976.00,affordable_now,full_payment,2024-03-04:41976,2024-03-04,none,"Pay ZAR 41,976 today. The 90-day forecast keeps the balance at or above the ZAR 18,700 minimum."
request_170,36936000.00,affordable_with_plan,installments,2025-08-06:12804480|2025-09-03:12804480|2025-10-01:12804480,2025-08-06,none,"Use the supplied installment schedule starting 2025-08-06. The scheduled payments fit the 90-day safety check and keep the IDR 24,715,800 minimum protected."
request_171,0.00,not_affordable,not_recommended,none,,none,"Do not proceed with the EUR 1,878.8 request. None of the eligible payment plans keeps the EUR 500 minimum protected."
request_172,0.00,not_affordable,not_recommended,none,,none,"Do not proceed with the ZAR 10,200 request. None of the eligible payment plans keeps the ZAR 27,200 minimum protected."
request_173,64147.34,affordable_with_plan,installments,2025-11-21:39173.33|2025-12-19:39173.33|2026-01-16:39173.33,2025-11-14,none,"Use the supplied installment schedule starting 2025-11-21. The scheduled payments fit the 90-day safety check and keep the INR 79,100 minimum protected."
request_174,1146.20,affordable_with_plan,installments,2026-04-04:397.35|2026-05-04:397.35|2026-06-03:397.35,2026-04-04,none,Use the supplied installment schedule starting 2026-04-04. The scheduled payments fit the 90-day safety check and keep the EUR 700 minimum protected.
request_175,2346.30,affordable_now,full_payment,2024-09-06:2346.30,2024-09-06,none,"Pay EUR 2,346.3 today. The 90-day forecast keeps the balance at or above the EUR 1,700 minimum."
request_176,0.00,not_affordable,not_recommended,none,,none,"Do not proceed with the EUR 1,239.7 request. None of the eligible payment plans keeps the EUR 600 minimum protected."
request_177,1017.60,affordable_now,full_payment,2026-01-05:1017.60,2026-01-05,none,"Pay USD 1,017.6 today. The 90-day forecast keeps the balance at or above the USD 1,300 minimum."
request_178,2938.10,affordable_with_plan,installments,2024-12-07:1018.54|2025-01-07:1018.54|2025-02-07:1018.54,2024-12-07,none,"Use the supplied installment schedule starting 2024-12-07. The scheduled payments fit the 90-day safety check and keep the EUR 1,400 minimum protected."
request_179,0.00,not_affordable,not_recommended,none,,none,"Do not proceed with the IDR 41,648,000 request. None of the eligible payment plans keeps the IDR 41,430,800 minimum protected."
request_180,0.00,not_affordable,not_recommended,none,,none,"Do not proceed with the INR 66,500 request. None of the eligible payment plans keeps the INR 37,300 minimum protected."
request_181,0.00,affordable_later,wait,2024-03-17:5059.20,2024-03-17,none,"Wait until 17 March 2024 and then pay USD 5,059.2 in full. Paying sooner would risk the USD 2,000 minimum."
request_182,65714.00,affordable_now,full_payment,2025-08-05:65714,2025-08-05,none,"Pay ZAR 65,714 today. The 90-day forecast keeps the balance at or above the ZAR 31,100 minimum."
request_183,26866000.00,affordable_with_plan,installments,2026-04-10:9313546.67|2026-05-10:9313546.67|2026-06-09:9313546.67,2026-04-07,none,"Use the supplied installment schedule starting 2026-04-10. The scheduled payments fit the 90-day safety check and keep the IDR 11,878,300 minimum protected."
request_184,7825.56,not_affordable,not_recommended,none,,none,"Only INR 7,825.56 is safe today, so do not proceed with the full INR 251,900 request within the available safe plan."
request_185,150.71,affordable_later,wait,2025-11-14:1257.30,2025-11-14,none,"Wait until 14 November 2025 and then pay EUR 1,257.3 in full. Paying sooner would risk the EUR 1,300 minimum."
request_186,10022.14,affordable_later,wait,2026-01-14:26554,2026-01-14,none,"Wait until 14 January 2026 and then pay ZAR 26,554 in full. Paying sooner would risk the ZAR 22,000 minimum."
request_187,25071.99,affordable_later,wait,2024-10-13:187500,2024-10-13,none,"Wait until 13 October 2024 and then pay INR 187,500 in full. Paying sooner would risk the INR 128,300 minimum."
request_188,0.00,not_affordable,not_recommended,none,,none,"Do not proceed with the EUR 2,464 request. None of the eligible payment plans keeps the EUR 900 minimum protected."
request_189,488.40,affordable_now,full_payment,2026-07-04:488.40,2026-07-04,none,Pay EUR 488.4 today. The 90-day forecast keeps the balance at or above the EUR 400 minimum.
request_190,440.56,affordable_later,wait,2024-12-15:2557.50,2024-12-15,none,"Wait until 15 December 2024 and then pay EUR 2,557.5 in full. Paying sooner would risk the EUR 1,600 minimum."
request_191,664.40,affordable_now,full_payment,2025-05-03:664.40,2025-05-03,none,Pay EUR 664.4 today. The 90-day forecast keeps the balance at or above the EUR 500 minimum.
request_192,0.00,not_affordable,not_recommended,none,,none,"Do not proceed with the USD 2,046 request. None of the eligible payment plans keeps the USD 1,000 minimum protected."
request_193,0.00,affordable_with_plan,installments,2024-03-21:420.23|2024-04-21:420.23|2024-05-22:420.23,2024-03-17,none,"Use the supplied installment schedule starting 2024-03-21. The scheduled payments fit the 90-day safety check and keep the EUR 1,000 minimum protected."
request_194,0.00,not_affordable,not_recommended,none,,none,"Do not proceed with the INR 132,800 request. None of the eligible payment plans keeps the INR 113,600 minimum protected."
request_195,1170.40,affordable_with_plan,installments,2026-01-09:405.74|2026-02-08:405.74|2026-03-10:405.74,2026-01-06,none,Use the supplied installment schedule starting 2026-01-09. The scheduled payments fit the 90-day safety check and keep the EUR 700 minimum protected.
request_196,762.30,affordable_now,full_payment,2024-06-03:762.30,2024-06-03,none,Pay EUR 762.3 today. The 90-day forecast keeps the balance at or above the EUR 500 minimum.
request_197,0.00,not_affordable,not_recommended,none,,none,"Do not proceed with the IDR 50,939,000 request. None of the eligible payment plans keeps the IDR 26,245,900 minimum protected."
request_198,185800.00,affordable_now,full_payment,2026-07-07:185800,2026-07-07,none,"Pay INR 185,800 today. The 90-day forecast keeps the balance at or above the INR 124,300 minimum."
request_199,23674000.00,affordable_with_plan,installments,2024-09-07:8206986.67|2024-10-08:8206986.67|2024-11-08:8206986.67,2024-09-04,none,"Use the supplied installment schedule starting 2024-09-07. The scheduled payments fit the 90-day safety check and keep the IDR 25,359,500 minimum protected."
request_200,21717000.00,affordable_now,full_payment,2025-02-06:21717000,2025-02-06,none,"Pay IDR 21,717,000 today. The 90-day forecast keeps the balance at or above the IDR 20,114,600 minimum."
request_201,23997000.00,affordable_now,full_payment,2026-04-03:23997000,2026-04-03,none,"Pay IDR 23,997,000 today. The 90-day forecast keeps the balance at or above the IDR 17,304,500 minimum."
request_202,0.00,not_affordable,not_recommended,none,,none,"Do not proceed with the INR 123,900 request. None of the eligible payment plans keeps the INR 147,800 minimum protected."
request_203,1442.10,affordable_with_plan,installments,2025-05-10:499.93|2025-06-07:499.93|2025-07-05:499.93,2025-05-07,none,"Use the supplied installment schedule starting 2025-05-10. The scheduled payments fit the 90-day safety check and keep the EUR 1,400 minimum protected."
request_204,0.00,not_affordable,not_recommended,none,,none,"Do not proceed with the EUR 588.74 request. None of the eligible payment plans keeps the EUR 1,300 minimum protected."
request_205,10621000.00,affordable_now,full_payment,2024-03-06:10621000,2024-03-06,none,"Pay IDR 10,621,000 today. The 90-day forecast keeps the balance at or above the IDR 13,994,300 minimum."
request_206,1404.70,affordable_with_plan,installments,2025-08-03:486.96|2025-08-31:486.96|2025-09-28:486.96,2025-08-03,none,Use the supplied installment schedule starting 2025-08-03. The scheduled payments fit the 90-day safety check and keep the EUR 900 minimum protected.
request_207,5307.99,affordable_later,wait,2026-07-15:11830,2026-07-15,none,"Wait until 15 July 2026 and then pay ZAR 11,830 in full. Paying sooner would risk the ZAR 13,600 minimum."
request_208,4413000.00,affordable_now,full_payment,2024-06-07:4413000,2024-06-07,none,"Pay IDR 4,413,000 today. The 90-day forecast keeps the balance at or above the IDR 10,470,700 minimum."
request_209,1358.44,not_affordable,not_recommended,none,,none,"Only ZAR 1,358.44 is safe today, so do not proceed with the full ZAR 56,914 request within the available safe plan."
request_210,1360.02,affordable_with_plan,installments,2026-04-06:471.48|2026-05-04:471.48|2026-06-01:471.48,2026-04-06,none,"Use the supplied installment schedule starting 2026-04-06. The scheduled payments fit the 90-day safety check and keep the USD 2,000 minimum protected."
request_211,262.68,affordable_later,wait,2024-09-14:1788.60,2024-09-14,none,"Wait until 14 September 2024 and then pay EUR 1,788.6 in full. Paying sooner would risk the EUR 1,500 minimum."
request_212,0.00,not_affordable,not_recommended,none,,none,"Do not proceed with the IDR 71,934,000 request. None of the eligible payment plans keeps the IDR 29,579,800 minimum protected."
request_213,3362.40,affordable_with_plan,installments,2026-01-21:1165.63|2026-02-20:1165.63|2026-03-22:1165.63,2026-01-07,none,"Use the supplied installment schedule starting 2026-01-21. The scheduled payments fit the 90-day safety check and keep the USD 2,100 minimum protected."
request_214,69750.00,affordable_with_plan,installments,2024-12-04:36270|2025-01-01:36270,2024-12-04,none,"Use the supplied installment schedule starting 2024-12-04. The scheduled payments fit the 90-day safety check and keep the INR 174,900 minimum protected."
request_215,29986.00,affordable_with_plan,installments,2025-05-09:10395.15|2025-06-06:10395.15|2025-07-04:10395.15,2025-05-06,none,"Use the supplied installment schedule starting 2025-05-09. The scheduled payments fit the 90-day safety check and keep the ZAR 15,700 minimum protected."
request_216,410.40,affordable_later,wait,2026-09-13:3332.40,2026-09-13,none,"Wait until 13 September 2026 and then pay USD 3,332.4 in full. Paying sooner would risk the USD 1,800 minimum."
request_217,18090.99,affordable_with_plan,installments,2024-03-19:12889.07|2024-04-19:12889.07|2024-05-20:12889.07,2024-03-15,none,"Use the supplied installment schedule starting 2024-03-19. The scheduled payments fit the 90-day safety check and keep the ZAR 26,800 minimum protected."
request_218,27222953.88,affordable_with_plan,installments,2025-08-07:21195893.33|2025-09-04:21195893.33|2025-10-02:21195893.33,2025-08-14,none,"Use the supplied installment schedule starting 2025-08-07. The scheduled payments fit the 90-day safety check and keep the IDR 34,477,200 minimum protected."
request_219,0.00,not_affordable,not_recommended,none,,none,"Do not proceed with the EUR 1,673.1 request. None of the eligible payment plans keeps the EUR 1,100 minimum protected."
request_220,87.37,not_affordable,not_recommended,none,,none,"Only EUR 87.37 is safe today, so do not proceed with the full EUR 3,118.5 request within the available safe plan."
request_221,109800.00,affordable_now,full_payment,2025-11-03:109800,2025-11-03,none,"Pay INR 109,800 today. The 90-day forecast keeps the balance at or above the INR 81,500 minimum."
request_222,34078.00,affordable_now,full_payment,2026-01-05:34078,2026-01-05,none,"Pay ZAR 34,078 today. The 90-day forecast keeps the balance at or above the ZAR 27,300 minimum."
request_223,898.70,affordable_now,full_payment,2024-09-07:898.70,2024-09-07,none,Pay EUR 898.7 today. The 90-day forecast keeps the balance at or above the EUR 800 minimum.
request_224,0.00,not_affordable,not_recommended,none,,none,"Do not proceed with the IDR 10,327,000 request. None of the eligible payment plans keeps the IDR 22,187,600 minimum protected."
request_225,8596536.07,affordable_with_plan,installments,2026-07-20:7647120|2026-08-19:7647120|2026-09-18:7647120,2026-07-15,none,"Use the supplied installment schedule starting 2026-07-20. The scheduled payments fit the 90-day safety check and keep the IDR 17,670,700 minimum protected."
request_226,157000.00,affordable_now,full_payment,2024-12-03:157000,2024-12-03,none,"Pay INR 157,000 today. The 90-day forecast keeps the balance at or above the INR 209,400 minimum."
request_227,8998.23,not_affordable,not_recommended,none,,none,"Only INR 8,998.23 is safe today, so do not proceed with the full INR 259,700 request within the available safe plan."
request_228,0.00,not_affordable,not_recommended,none,,none,"Do not proceed with the IDR 63,327,000 request. None of the eligible payment plans keeps the IDR 26,191,200 minimum protected."
request_229,466.65,affordable_with_plan,installments,2024-03-18:529.29|2024-04-18:529.29|2024-05-19:529.29,2024-03-17,none,"Use the supplied installment schedule starting 2024-03-18. The scheduled payments fit the 90-day safety check and keep the EUR 1,000 minimum protected."
request_230,3537.60,affordable_now,full_payment,2025-08-06:3537.60,2025-08-06,none,"Pay EUR 3,537.6 today. The 90-day forecast keeps the balance at or above the EUR 2,000 minimum."
request_231,35706.00,affordable_with_plan,installments,2026-01-06:12378.08|2026-02-05:12378.08|2026-03-07:12378.08,2026-01-03,none,"Use the supplied installment schedule starting 2026-01-06. The scheduled payments fit the 90-day safety check and keep the ZAR 24,300 minimum protected."
request_232,0.00,not_affordable,not_recommended,none,,none,"Do not proceed with the EUR 1,970.1 request. None of the eligible payment plans keeps the EUR 2,400 minimum protected."
request_233,0.00,not_affordable,not_recommended,none,,none,"Do not proceed with the IDR 6,241,000 request. None of the eligible payment plans keeps the IDR 10,365,700 minimum protected."
request_234,213.74,affordable_later,wait,2026-08-14:1213.30,2026-08-14,none,"Wait until 14 August 2026 and then pay EUR 1,213.3 in full. Paying sooner would risk the EUR 700 minimum."
request_235,967.20,affordable_now,full_payment,2024-09-06:967.20,2024-09-06,none,Pay USD 967.2 today. The 90-day forecast keeps the balance at or above the USD 700 minimum.
request_236,5769937.71,not_affordable,not_recommended,none,,none,"Only IDR 5,769,937.71 is safe today, so do not proceed with the full IDR 52,383,000 request within the available safe plan."
request_237,0.00,affordable_with_plan,full_payment,2026-04-05:23826000,,reduce_to:event_21813:548720.00|reduce_to:event_21812:382850.00,"Pay IDR 23,826,000 today after the permitted spending changes. The adjusted 90-day forecast keeps at least IDR 1,481,894.9 available."
request_238,663.60,affordable_with_plan,installments,2024-12-07:230.05|2025-01-07:230.05|2025-02-07:230.05,2024-12-07,none,Use the supplied installment schedule starting 2024-12-07. The scheduled payments fit the 90-day safety check and keep the USD 700 minimum protected.
request_239,0.00,not_affordable,not_recommended,none,,none,Do not proceed with the USD 642 request. None of the eligible payment plans keeps the USD 600 minimum protected.
request_240,0.00,not_affordable,not_recommended,none,,none,"Do not proceed with the INR 101,200 request. None of the eligible payment plans keeps the INR 52,800 minimum protected."
request_241,21052000.00,affordable_with_plan,installments,2024-03-17:7298026.67|2024-04-17:7298026.67|2024-05-18:7298026.67,2024-03-03,none,"Use the supplied installment schedule starting 2024-03-17. The scheduled payments fit the 90-day safety check and keep the IDR 19,252,000 minimum protected."
request_242,0.00,not_affordable,not_recommended,none,,none,"Do not proceed with the EUR 1,966.8 request. None of the eligible payment plans keeps the EUR 600 minimum protected."
request_243,17468.00,affordable_now,full_payment,2026-07-07:17468,2026-07-07,none,"Pay ZAR 17,468 today. The 90-day forecast keeps the balance at or above the ZAR 19,900 minimum."
request_244,0.00,not_affordable,not_recommended,none,,none,"Do not proceed with the ZAR 49,918 request. None of the eligible payment plans keeps the ZAR 45,900 minimum protected."
request_245,37527.45,affordable_later,wait,2025-11-14:128500,2025-11-14,none,"Wait until 14 November 2025 and then pay INR 128,500 in full. Paying sooner would risk the INR 94,600 minimum."
request_246,64086.00,affordable_with_plan,installments,2026-04-03:22216.48|2026-05-03:22216.48|2026-06-02:22216.48,2026-04-03,none,"Use the supplied installment schedule starting 2026-04-03. The scheduled payments fit the 90-day safety check and keep the ZAR 39,300 minimum protected."
request_247,1059.30,affordable_now,full_payment,2024-09-05:1059.30,2024-09-05,none,"Pay EUR 1,059.3 today. The 90-day forecast keeps the balance at or above the EUR 1,300 minimum."
request_248,371.79,affordable_with_plan,partial_payment,2025-02-07:371.79|2025-02-24:1593.81,2025-02-24,none,"Pay USD 371.79 today and the remaining USD 1,593.81 on 24 February 2025. This completes the request by the deadline while preserving the USD 1,300 minimum."
request_249,62.03,affordable_later,wait,2026-01-14:643.20,2026-01-14,none,Wait until 14 January 2026 and then pay USD 643.2 in full. Paying sooner would risk the USD 600 minimum.
request_250,12114.33,not_affordable,not_recommended,none,,none,"Only ZAR 12,114.33 is safe today, so do not proceed with the full ZAR 124,278 request within the available safe plan."
request_251,0.00,not_affordable,not_recommended,none,,none,"Do not proceed with the EUR 1,513.6 request. None of the eligible payment plans keeps the EUR 1,300 minimum protected."
request_252,4516183.54,affordable_later,wait,2026-08-14:28082000,2026-08-14,none,"Wait until 14 August 2026 and then pay IDR 28,082,000 in full. Paying sooner would risk the IDR 15,152,200 minimum."
request_253,454.53,affordable_with_plan,installments,2024-03-21:984.60|2024-04-21:984.60|2024-05-22:984.60,2024-03-17,none,"Use the supplied installment schedule starting 2024-03-21. The scheduled payments fit the 90-day safety check and keep the EUR 2,300 minimum protected."
request_254,952.84,affordable_later,wait,2025-08-14:3535.20,2025-08-14,none,"Wait until 14 August 2025 and then pay USD 3,535.2 in full. Paying sooner would risk the USD 2,500 minimum."
request_255,3345000.00,affordable_now,full_payment,2026-04-06:3345000,2026-04-06,none,"Pay IDR 3,345,000 today. The 90-day forecast keeps the balance at or above the IDR 9,813,900 minimum."
request_256,0.00,not_affordable,not_recommended,none,,none,"Do not proceed with the INR 218,700 request. None of the eligible payment plans keeps the INR 168,600 minimum protected."
request_257,501.36,affordable_later,wait,2025-11-14:1352.40,2025-11-14,none,"Wait until 14 November 2025 and then pay USD 1,352.4 in full. Paying sooner would risk the USD 1,600 minimum."
request_258,1113.60,affordable_now,full_payment,2026-01-07:1113.60,2026-01-07,none,"Pay USD 1,113.6 today. The 90-day forecast keeps the balance at or above the USD 500 minimum."
request_259,396.40,affordable_later,wait,2024-09-14:935,2024-09-14,none,Wait until 14 September 2024 and then pay EUR 935 in full. Paying sooner would risk the EUR 600 minimum.
request_260,7215111.53,affordable_with_plan,partial_payment,2025-02-06:7215111.53|2025-02-15:44863888.47,2025-02-15,none,"Pay IDR 7,215,111.53 today and the remaining IDR 44,863,888.47 on 15 February 2025. This completes the request by the deadline while preserving the IDR 20,727,700 minimum."
request_261,1830.40,affordable_now,full_payment,2026-07-03:1830.40,2026-07-03,none,"Pay EUR 1,830.4 today. The 90-day forecast keeps the balance at or above the EUR 1,500 minimum."
request_262,9236000.00,affordable_now,full_payment,2024-12-05:9236000,2024-12-05,none,"Pay IDR 9,236,000 today. The 90-day forecast keeps the balance at or above the IDR 31,018,500 minimum."
request_263,5900.84,not_affordable,not_recommended,none,,none,"Only ZAR 5,900.84 is safe today, so do not proceed with the full ZAR 51,546 request within the available safe plan."
request_264,9793.35,affordable_later,wait,2026-05-14:111300,2026-05-14,none,"Wait until 14 May 2026 and then pay INR 111,300 in full. Paying sooner would risk the INR 59,500 minimum."
request_265,0.00,not_affordable,not_recommended,none,,none,"Do not proceed with the INR 45,970 request. None of the eligible payment plans keeps the INR 189,700 minimum protected."
request_266,935.00,affordable_with_plan,installments,2025-08-03:324.13|2025-08-31:324.13|2025-09-28:324.13,2025-08-03,none,Use the supplied installment schedule starting 2025-08-03. The scheduled payments fit the 90-day safety check and keep the EUR 900 minimum protected.
request_267,1925.00,affordable_with_plan,installments,2026-01-08:667.33|2026-02-07:667.33|2026-03-09:667.33,2026-01-05,none,"Use the supplied installment schedule starting 2026-01-08. The scheduled payments fit the 90-day safety check and keep the EUR 1,500 minimum protected."
request_268,895.81,affordable_with_plan,installments,2024-06-14:841.22|2024-07-15:841.22|2024-08-15:841.22,2024-06-14,none,"Use the supplied installment schedule starting 2024-06-14. The scheduled payments fit the 90-day safety check and keep the EUR 1,400 minimum protected."
request_269,0.00,not_affordable,not_recommended,none,,none,"Do not proceed with the ZAR 15,490 request. None of the eligible payment plans keeps the ZAR 23,100 minimum protected."
request_270,163.53,not_affordable,not_recommended,none,,none,"Only USD 163.53 is safe today, so do not proceed with the full USD 3,028.8 request within the available safe plan."
request_271,0.00,not_affordable,not_recommended,none,,none,"Do not proceed with the INR 91,300 request. None of the eligible payment plans keeps the INR 58,200 minimum protected."
request_272,6274967.48,affordable_with_plan,installments,2025-02-12:4709466.67|2025-03-12:4709466.67|2025-04-09:4709466.67,2025-02-14,none,"Use the supplied installment schedule starting 2025-02-12. The scheduled payments fit the 90-day safety check and keep the IDR 7,508,600 minimum protected."
request_273,7717564.49,affordable_with_plan,partial_payment,2026-04-07:7717564.49|2026-04-14:8143435.51,2026-04-14,none,"Pay IDR 7,717,564.49 today and the remaining IDR 8,143,435.51 on 14 April 2026. This completes the request by the deadline while preserving the IDR 18,774,600 minimum."
request_274,2713.70,affordable_with_plan,installments,2024-12-04:940.75|2025-01-04:940.75|2025-02-04:940.75,2024-12-04,none,"Use the supplied installment schedule starting 2024-12-04. The scheduled payments fit the 90-day safety check and keep the EUR 1,800 minimum protected."
request_275,15884000.00,affordable_now,full_payment,2025-05-06:15884000,2025-05-06,none,"Pay IDR 15,884,000 today. The 90-day forecast keeps the balance at or above the IDR 12,760,100 minimum."
